AKT2004;Administrasjon
AKT2005;Kommunikasjon og samhandling
AKT2006;Yrkesliv i aktivitørfag
AKT2007;Tverrfaglig eksamen aktivitør
AKT3004;Aktivitørfaget
AKT3103;Aktivitørfaget, skriftlig
AKV2005;Drift og produksjon
AKV2006;Biologi og miljø
AKV2007;Anlegg og teknikk
AKV2008;Tverrfaglig eksamen akvakultur
AKV3004;Akvakulturfaget
AKV3103;Akvakulturfaget, skriftlig
ALU3004;Aluminiumskonstruksjonsfaget
ALU3103;Aluminiumskonstruksjonsfaget, skriftlig
AMB2005;Ambulansemedisin
AMB2006;Kommunikasjon og samhandling
AMB2007;Yrkesliv i ambulansefag
AMB2008;Tverrfaglig eksamen ambulansefag
AMB3004;Ambulansefaget
AMB3103;Ambulansefaget, skriftlig
AMF3004;Anleggsmaskinførerfaget
AMF3103;Anleggsmaskinførerfaget, skriftlig
AMK2004;Planlegging og kommunikasjon
AMK2005;Reparasjon og vedlikehold
AMK2006;Tverrfaglig eksamen arbeidsmaskiner
AMK2102;Arbeidsmaskiner
AMM3009;Feilsøking, reparasjon og vedlikehold
AMM3010;Dokumentasjon og kontroll
AMM3011;Anleggsmaskinmekanikerfaget
AMM3103;Tverrfaglig eksamen, anleggsmaskinmekanikerfaget
ANG2001;Rammebetingelser for anleggsgartnerarbeid
ANG2002;Anleggsgartnerarbeid
ANG2003;Tverrfaglig eksamen anleggsgartner
ANG3004;Anleggsgartnerfaget
ANG3103;Anleggsgartnerfaget, skriftlig
ANL2004;Sikkerhetsopplæring av masseforflytningsmaskiner
ANL2005;Grunnarbeider
ANL2006;Drift og vedlikehold
ANL2007;Tverrfaglig eksamen anleggsteknikk
APO3005;Helseveiledning i apotek
APO3006;Kommunikasjon og samhandling
APO3007;Yrkesliv i apotekteknikkfaget
APO3008;Tverrfaglig eksamen, apotekteknikk
ARL3001;Anleggsrørleggerfaget
ARL3103;Anleggsrørleggerfaget, skriftlig
ASF3004;Asfaltfaget
ASF3103;Asfaltfaget, skriftlig
AUT2004;Automatiseringssystemer
AUT2005;Elenergisystemer
AUT2006;Tverrfaglig eksamen i automatisering
AUT2102;Automatisering
AUT3005;Automatiseringssystemer
AUT3006;Elenergisystemer
AUT3007;Mekanisk arbeid
AUT3008;Automatiseringsfaget
AUT3103;Automatiseringsfaget, skriftlig
AVI3012;Luftfartøysystemer
AVI3013;Luftfartøysystemer, part 66-13 (B2)
AVI3014;Luftfartøysystemer, part 66-14 (B2)
AVI3015;Vedlikeholdsteknikk
AVI3016;Vedlikeholdsteknikk, part 66-7A(B2)
AVI3017;Vedlikeholdsteknikk, part 66-7A Essay 1(B2)
AVI3018;Vedlikeholdsteknikk, part 66-7A Essay 2(B2)
AVI3019;Flysikkerhet
AVI3020;Flysikkerhet, part 66-9A(B1B2)
AVI3021;Flysikkerhet, part 66-9A Essay(B1B2)
AVI3022;Flysikkerhet, part 66-10(B1B2)
AVI3023;Flysikkerhet, part 66-10 Essay(B1B2)
AVI4004;Avionikerfaget
BAK2001;Råvare, produksjon og kvalitet
BAK2002;Bransje og arbeidsliv
BAK2003;Tverrfaglig eksamen baker og konditor
BAK3004;Bakerfaget
BAK3103;Bakerfaget, skriftlig
BAN3004;Banemontørfaget
BAN3103;Banemontørfaget, skriftlig
BAT1005;Arbeidsmiljø og dokumentasjon
BAT1006;Praktisk yrkesutøvelse
BAT1007;Tverrfaglig eksamen, bygg- og anleggsteknikk, privatister
BBF2004;Produksjon
BBF2005;Materialer og konstruksjon
BBF2006;Tverrfaglig eksamen i båtbyggerfag
BDR3004;Byggdrifterfaget - særløp
BDR3103;Byggdrifterfaget, skriftlig
BET3004;Betongfaget
BET3103;Betongfaget, skriftlig
BFB3004;Brannforebyggerfaget- særløp
BFB3103;Brannforebyggerfaget- skriftlig
BIP3001;Bilpleiefaget
BIP3103;Bilpleiefaget, skriftlig
BKF3004;Bøkkerfaget
BKF3103;Bøkkerfaget, skriftlig
BKO3004;Brønnfaget, komplettering
BKO3103;Brønnfaget, komplettering, skriftlig
BKV3004;Brønnfaget, kveilerøroperasjoner
BKV3103;Brønnfaget, kveilerøroperasjoner, skriftlig
BLA3004;Billakkererfaget
BLA3103;Billakkerarfaget, skriftlig
BLD2004;Produktutvikling, bransjelære og kommunikasjon
BLD2005;Produksjon og arbeidsliv
BLD2006;Tverrfaglig eksamen blomsterdekoratør
BLD3004;Blomsterdekoratørfaget
BLD3103;Blomsterdekoratørfaget, skriftlig
BLK2004;Karosseri- og lakkteknikk
BLK2005;Dokumentasjon og kvalitet
BLK2006;Tverrfaglig eksamen bilskade, lakk og karosseri
BLY3004;Blyglasshåndverkerfaget - særløp
BLY3103;Blyglasshåndverkerfaget, skriftlig
BMF2004;Produktutvikling og kvalitetssikring
BMF2005;Produksjon
BMF2006;Tverrfaglig eksamen børsemaker
BMF2102;Børsemaker
BMF3004;Børsemakerfaget
BMF3103;Børsemakerfaget, skriftlig
BMK3004;Bilfaget, lette kjøretøy
BMK3103;Bilfaget, lette kjøretøy, skriftlig
BMO2001;Dokumentasjon og kommunikasjon
BMO2002;Betong og mur
BMO2003;Tverrfaglig eksamen betong og mur
BNT3004;Buntmakerfaget
BNT3103;Buntmakerfaget, skriftlig
BOR3004;Boreoperatørfaget
BOR3103;Boreoperatørfaget, skriftlig
BRE3004;Brønnfaget, elektriske kabeloperasjoner
BRE3103;Brønnfaget, elektriske kabeloperasjoner, skriftlig
BRH3004;Brønnfaget, havbunnsinstallasjoner
BRH3103;Brønnfaget, havbunnsinstallasjoner, skriftlig
BRM3004;Brønnfaget, mekaniske kabeloperasjoner
BRM3103;Brønnfaget, mekaniske kabeloperasjoner, skriftlig
BRO3004;Brønn- og borefaget
BRO3103;Brønn- og borefaget, skriftlig
BRS3004;Brønnfaget, sementering
BRS3103;Brønnfaget, sementering, skriftlig
BRT2007;Boring
BRT2008;Komplettering og brønnservice
BRT2009;Prosedyrer og praksis
BRT2010;Tverrfaglig eksamen brønnteknikk
BSK3004;Bilskadefaget
BSK3103;Bilskadefaget, skriftlig
BSM3001;Bilsalmakerfaget
BSM3103;Bilsalmakerfaget, skriftlig
BTK3004;Bilfaget, tunge kjøretøy
BTK3103;Bilfaget, tunge kjøretøy, skriftlig
BUA2005;Pedagogisk arbeid
BUA2006;Kommunikasjon og samhandling
BUA2007;Yrkesliv i barne- og ungdomsarbeiderfag
BUA2008;Tverrfaglig eksamen barne- og ungdomsarbeiderfag
BUA3004;Barne- og ungdomsarbeiderfaget
BUA3103;Barne- og ungdomsarbeiderfaget, skriftlig
BUN3004;Bunadtilvirkerfaget
BUN3103;Bunadtilvirkerfaget, skriftlig
BYM3001;Byggmontasjefaget - særløp
BYM3103;Byggmontasjefaget - skriftlig
CNC3004;CNC-maskineringsfaget
CNC3103;CNC-maskineringsfaget, skriftlig
DAN2010;Grunntrening i dans 1
DAN2011;Grunntrening i dans 2
DAN2012;Scenisk dans 1
DAN2013;Scenisk dans 2
DAN2014;Scenisk dans 3
DAN2015;Dans i perspektiv 1
DAN2016;Dans i perspektiv 1, muntlig-praktisk
DAN2017;Dans i perspektiv 2
DAN2018;Dans i perspektiv 2, muntlig-praktisk
DAN3003;Scenisk dans fordypning 1
DAN3004;Scenisk dans fordypning 2
DAT3004;Installering og drift
DAT3005;Reparasjon og vedlikehold
DAT3006;Dataelektronikerfaget
DAT3103;Dataelektronikerfaget, skriftlig
DDU2005;Materialkunnskap, duodji-/duodje-/duedtie-utøvelse og kulturarv
DDU2006;Duodji/duodje/duedtie- og designprosesser
DDU2007;Tverrfaglig eksamen duodji/duodje/duedtie
DEL2004;Elektroniske kretser og utstyr
DEL2005;Data- og informasjonsteknologi
DEL2006;Tverrfaglig eksamen datateknologi og elektronikk
DEL2102;Datateknologi og elektronikk
DGH2004;Gull- og sølvsmedhåndverk
DGH2005;Design og produktutvikling
DGH2006;Tverrfaglig eksamen gull- og sølvsmedhåndverk
DKO3004;Dimensjonskontrollfaget
DKO3103;Dimensjonskontrollfaget, skriftlig
DRA2010;Teater og bevegelse 1
DRA2011;Teater og bevegelse 2
DRA2012;Teaterproduksjon 1
DRA2013;Teaterproduksjon 2
DRA2014;Teater i perspektiv 1
DRA2015;Teater i perspektiv 1, muntlig-praktisk
DRA2016;Teater i perspektiv 2
DRA2017;Teater i perspektiv 2, muntlig-praktisk
DRA2018;Drama og samfunn
DRA3003;Teaterproduksjon fordypning 1
DRA3004;Teaterproduksjon fordypning 2
DRF2001;Operasjon og sikkerhet
DRF2002;Nyttelast, sensorer og bearbeiding av data
DRF2003;Tverrfaglig eksamen dronefag
DRF3001;Droneoperatørfaget
DRF3103;Droneoperatørfaget, skriftlig
DTH1001;Produktutvikling og skapende prosesser
DTH1002;Materialer og teknikker
DTH1003;Tverrfaglig eksamen, håndverk, design og produktutvikling, privatister
DTR2004;Produksjon
DTR2005;Materialkunnskap
DTR2006;Arbeidsplanlegging og tegning
DTR2007;Tverrfaglig eksamen trearbeid
DYR3001;Dyrefaget
DYR3103;Dyrefaget, skriftlig
EKD3001;Produksjon og konseptutvikling
EKD3002;Bedriftskultur og markedsføring
EKD3003;Tverrfaglig eksamen eksponeringsdesign
EKF3001;Ernæringskokkfaget
EKF3103;Ernæringskokkfaget, skriftlig
ELE1006;Elektroniske kretser og nettverk
ELE1007;Energi og styresystemer
ELE1008;Tverrfaglig eksamen, elektro og datateknologi, for privatister
ELE2005;Elenergi og styresystemer
ELE2006;Elektronisk kommunikasjon
ELE2007;Tverrfaglig eksamen elenergi og ekom
ELE2102;Elenergi og ekom
ELE3004;Elektrikerfaget
ELE3103;Elektrikerfaget, skriftlig
EMO3004;Energimontørfaget
EMO3103;Energimontørfaget, skriftlig
ENG1007;Engelsk vg1 studieforberedende utdanningsprogram
ENG1008;Engelsk vg1 studieforberedende utdanningsprogram, muntlig
ENG1009;Engelsk vg1 yrkesfaglige utdanningsprogram
ENG1010;Engelsk vg1 yrkesfaglige utdanningsprogram, muntlig
ENG1011;Engelsk for elever med tegnspråk, vg1 studieforberedende utdanningsprogram
ENG1013;Engelsk for elever med tegnspråk, vg1 yrkesfaglige utdanningsprogram
EOP3004;Energioperatørfaget
EOP3103;Energioperatørfaget, skriftlig
ERF3004;Elektroreparatørfaget
ERF3103;Elektroreparatørfaget
FBI1001;Produktutvikling og produksjon
FBI1002;Kommunikasjon, kunde og arbeidsliv
FBI1003;Tverrfaglig eksamen, frisør, blomster, interiør og eksponeringsdesign, for privatister
FFA2004;Fartøy og redskaper
FFA2005;Fangst og kvalitet
FFA2006;Tverrfaglig eksamen fiske og fangst
FFA3004;Fiske og fangst
FFA3103;Fiske og fangst, skriftlig
FGY3004;Forgyllerfaget - særløp
FGY3103;Forgyllerfaget, skriftlig
FIL3004;Filigranssølvsmedfaget
FIL3103;Filigranssølvsmedfaget, skriftlig
FJE3004;Fjell- og bergverksfaget, fordypningsområde fjellsikring
FJE3005;Fjell- og bergverksfaget, fordypningsområde knuseverk
FJE3006;Fjell- og bergverksfaget, fordypningsområde bergsprenging
FJE3103;Fjell- og bergverksfaget, fordypningsområde fjellsikring, skriftlig
FJE3104;Fjell- og bergverksfaget, fordypningsområde knuseverk, skriftlig
FJE3105;Fjell- og bergverksfaget, fordypningsområde bergsprenging, skriftlig
FLY2013;Elektrofag
FLY2014;Luftfartøylære
FLY2015;Material- og komponentlære
FLY3014;Luftfartøysystemer
FLY3015;Luftfartøysystemer, part 66-11A(B1.1)
FLY3016;Luftfartøysystemer, part 66-12(B1.3-B1.4)
FLY3017;Luftfartøysystemer, part 66-15(B1)
FLY3018;Luftfartøysystemer, part 66-17(B1)
FLY3019;Vedlikeholdsteknikk
FLY3020;Vedlikeholdsteknikk, part 66-7A(B1)
FLY3021;Vedlikeholdsteknikk, part 66-7A Essay 1(B1)
FLY3022;Vedlikeholdsteknikk, part 66-7A Essay 2(B1)
FLY3023;Flysikkerhet
FLY3024;Flysikkerhet, part 66-9A(B1B2)
FLY3025;Flysikkerhet, part 66-9A Essay(B1B2)
FLY3026;Flysikkerhet, part 66-10(B1B2)
FLY3027;Flysikkerhet, part 66-10 Essay(B1B2)
FLY4001;Luftfartøysystemer, part 66-16
FLY4002;Luftfartøysystemer, part 66-11B
FMF3001;Fundamenteringsfaget
FMF3103;Fundamenteringsfaget, skriftlig
FMK3004;Finmekanikerfaget
FMK3103;Finmekanikerfaget, skriftlig
FMO4004;Flymotormekanikerfaget
FOT2005;Helse, funksjon og bevegelse
FOT2006;Kommunikasjon og samhandling
FOT2007;Yrkesliv i fotterapi og ortopediteknikk
FOT2008;Tverrfaglig eksamen fotterapi og ortopediteknikk
FOT3005;Helse, funksjon og bevegelse
FOT3006;Kommunikasjon og samhandling
FOT3007;Yrkesliv i fotterapifaget
FOT3008;Tverrfaglig eksamen fotterapi
FRI2004;Kommunikasjon, klipp og frisyreforming
FRI2005;Hår, farge og strukturendring
FRI2006;Tverrfaglig eksamen frisør
FRI3004;Frisørfaget
FRI3103;Frisørfaget, skriftlig
FSP6138;Finsk I, 1. år
FSP6139;Finsk I
FSP6140;Finsk I, muntlig
FSP6141;Finsk II, 1. år
FSP6142;Finsk II
FSP6143;Finsk II, muntlig
FSP6144;Finsk I+II, 1. år
FSP6145;Finsk I+II, 2. år
FSP6148;Fransk I, 1. år
FSP6149;Fransk I
FSP6150;Fransk I, muntlig
FSP6151;Fransk II, 1. år
FSP6152;Fransk II
FSP6153;Fransk II, muntlig
FSP6154;Fransk I+II, 1. år
FSP6155;Fransk I+II, 2. år
FSP6156;Fransk I+II
FSP6157;Fransk I+II, muntlig
FSP6158;Italiensk I, 1. år
FSP6159;Italiensk I
FSP6160;Italiensk I, muntlig
FSP6161;Italiensk II, 1. år
FSP6162;Italiensk II
FSP6163;Italiensk II, muntlig
FSP6164;Italiensk I+II, 1. år
FSP6165;Italiensk I+II, 2. år
FSP6166;Italiensk I+II
FSP6167;Italiensk I+II, muntlig
FSP6168;Japansk I, 1. år
FSP6169;Japansk I
FSP6170;Japansk I, muntlig
FSP6171;Japansk II, 1. år
FSP6172;Japansk II
FSP6173;Japansk II, muntlig
FSP6174;Japansk I+II, 1. år
FSP6175;Japansk I+II, 2. år
FSP6176;Japansk I+II
FSP6177;Japansk I+II, muntlig
FSP6178;Lulesamisk I, 1. år
FSP6179;Lulesamisk I
FSP6180;Lulesamisk I, muntlig
FSP6181;Lulesamisk II, 1. år
FSP6182;Lulesamisk II
FSP6183;Lulesamisk II, muntlig
FSP6184;Lulesamisk I+II, 1. år
FSP6185;Lulesamisk I+II, 2. år
FSP6186;Lulesamisk I+II
FSP6187;Lulesamisk I+II, muntlig
FSP6188;Nordsamisk I, 1. år
FSP6189;Nordsamisk I
FSP6190;Nordsamisk I, muntlig
FSP6191;Nordsamisk II, 1. år
FSP6192;Nordsamisk II
FSP6193;Nordsamisk II, muntlig
FSP6194;Nordsamisk I+II, 1. år
FSP6195;Nordsamisk I+II, 2. år
FSP6196;Nordsamisk I+II
FSP6197;Nordsamisk I+II, muntlig
FSP6198;Sørsamisk I, 1. år
FSP6199;Sørsamisk I
FSP6200;Sørsamisk I, muntlig
FSP6201;Sørsamisk II, 1. år
FSP6202;Sørsamisk II
FSP6203;Sørsamisk II, muntlig
FSP6204;Sørsamisk I+II, 1. år
FSP6205;Sørsamisk I+II, 2. år
FSP6206;Sørsamisk I+II
FSP6207;Sørsamisk I+II, muntlig
FSP6208;Russisk I, 1. år
FSP6209;Russisk I
FSP6210;Russisk I, muntlig
FSP6211;Russisk II, 1. år
FSP6212;Russisk II
FSP6213;Russisk II, muntlig
FSP6214;Russisk I+II, 1. år
FSP6215;Russisk I+II, 2. år
FSP6216;Russisk I+II
FSP6217;Russisk I+II, muntlig
FSP6218;Spansk I, 1. år
FSP6219;Spansk I
FSP6220;Spansk I, muntlig
FSP6221;Spansk II, 1. år
FSP6222;Spansk II
FSP6223;Spansk II, muntlig
FSP6224;Spansk I+II, 1. år
FSP6225;Spansk I+II, 2. år
FSP6226;Spansk I+II
FSP6227;Spansk I+II, muntlig
FSP6228;Tegnspråk I, 1. år
FSP6229;Tegnspråk I
FSP6230;Tegnspråk I, muntlig
FSP6231;Tegnspråk II, 1. år
FSP6232;Tegnspråk II
FSP6233;Tegnspråk II, muntlig
FSP6234;Tegnspråk I+II, 1. år
FSP6235;Tegnspråk I+II, 2. år
FSP6236;Tegnspråk I+II
FSP6237;Tegnspråk I+II, muntlig
FSP6238;Tysk I, 1. år
FSP6239;Tysk I
FSP6240;Tysk I, muntlig
FSP6241;Tysk II, 1. år
FSP6242;Tysk II
FSP6243;Tysk II, muntlig
FSP6244;Tysk I+II, 1. år
FSP6245;Tysk I+II, 2. år
FSP6246;Tysk I+II
FSP6247;Tysk I+II, muntlig
FSP6248;Albansk I, 1. år
FSP6249;Albansk I
FSP6250;Albansk I, muntlig
FSP6251;Albansk II, 1. år
FSP6252;Albansk II
FSP6253;Albansk II, muntlig
FSP6258;Arabisk I, 1. år
FSP6259;Arabisk I
FSP6260;Arabisk I, muntlig
FSP6261;Arabisk II, 1. år
FSP6262;Arabisk II
FSP6263;Arabisk II, muntlig
FSP6264;Arabisk I+II, 1. år
FSP6265;Arabisk I+II, 2. år
FSP6268;Bosnisk I, 1. år
FSP6269;Bosnisk I
FSP6270;Bosnisk I, muntlig
FSP6271;Bosnisk II, 1. år
FSP6272;Bosnisk II
FSP6273;Bosnisk II, muntlig
FSP6278;Dari I, 1. år
FSP6279;Dari I
FSP6280;Dari I, muntlig
FSP6281;Dari II, 1. år
FSP6282;Dari II
FSP6283;Dari II, muntlig
FSP6288;Kinesisk I, 1. år
FSP6289;Kinesisk I
FSP6290;Kinesisk I, muntlig
FSP6291;Kinesisk II, 1. år
FSP6292;Kinesisk II
FSP6293;Kinesisk II, muntlig
FSP6294;Kinesisk I+II, 2. år
FSP6295;Kinesisk I+II, 1. år
FSP6296;Kinesisk I+II
FSP6297;Kinesisk I+II, muntlig
FSP6298;Koreansk I, 1. år
FSP6299;Koreansk I
FSP6300;Koreansk I, muntlig
FSP6301;Koreansk II, 1. år
FSP6302;Koreansk II
FSP6303;Koreansk II, muntlig
FSP6308;Kurdisk (sorani) I, 1. år
FSP6309;Kurdisk (sorani) I
FSP6310;Kurdisk (sorani) I, muntlig
FSP6311;Kurdisk (sorani) II, 1. år
FSP6312;Kurdisk (sorani) II
FSP6313;Kurdisk (sorani) II, muntlig
FSP6318;Persisk I, 1. år
FSP6319;Persisk I
FSP6320;Persisk I, muntlig
FSP6321;Persisk II, 1. år
FSP6322;Persisk II
FSP6323;Persisk II, muntlig
FSP6328;Polsk I, 1. år
FSP6329;Polsk I
FSP6330;Polsk I, muntlig
FSP6331;Polsk II, 1. år
FSP6332;Polsk II
FSP6333;Polsk II, muntlig
FSP6334;Polsk I+II, 1. år
FSP6338;Somali I, 1. år
FSP6339;Somali I
FSP6340;Somali I, muntlig
FSP6341;Somali II, 1. år
FSP6342;Somali II
FSP6343;Somali II, muntlig
FSP6344;Somali I+II, 1. år
FSP6348;Tamil I, 1. år
FSP6349;Tamil I
FSP6350;Tamil I, muntlig
FSP6351;Tamil II, 1. år
FSP6352;Tamil II
FSP6353;Tamil II, muntlig
FSP6354;Tamil I+II, 1. år
FSP6358;Tyrkisk I, 1. år
FSP6359;Tyrkisk I
FSP6360;Tyrkisk I, muntlig
FSP6361;Tyrkisk II, 1. år
FSP6362;Tyrkisk II
FSP6363;Tyrkisk II, muntlig
FSP6364;Tyrkisk I+II, 1. år
FSP6368;Urdu I, 1. år
FSP6369;Urdu I
FSP6370;Urdu I, muntlig
FSP6371;Urdu II, 1. år
FSP6372;Urdu II
FSP6373;Urdu II, muntlig
FSP6374;Urdu I+II, 1. år
FSP6378;Vietnamesisk I, 1. år
FSP6379;Vietnamesisk I
FSP6380;Vietnamesisk I, muntlig
FSP6381;Vietnamesisk II, 1. år
FSP6382;Vietnamesisk II
FSP6383;Vietnamesisk II, muntlig
FSP6384;Vietnamesisk I+II, 1. år
FSP6388;Amharisk I, 1. år
FSP6389;Amharisk I
FSP6390;Amharisk I, muntlig
FSP6391;Amharisk II, 1. år
FSP6392;Amharisk II
FSP6393;Amharisk II, muntlig
FSP6394;Amharisk I+II, 1. år
FSP6398;Estisk I, 1. år
FSP6399;Estisk I
FSP6400;Estisk I, muntlig
FSP6401;Estisk II, 1. år
FSP6402;Estisk II
FSP6403;Estisk II, muntlig
FSP6404;Estisk I+II, 1. år
FSP6408;Filipino I, 1. år
FSP6409;Filipino I
FSP6410;Filipino I, muntlig
FSP6411;Filipino II, 1. år
FSP6412;Filipino II
FSP6413;Filipino II, muntlig
FSP6414;Filipino I+II, 1. år
FSP6418;Hebraisk I, 1. år
FSP6419;Hebraisk I
FSP6420;Hebraisk I, muntlig
FSP6421;Hebraisk II, 1. år
FSP6422;Hebraisk II
FSP6423;Hebraisk II, muntlig
FSP6424;Hebraisk I+II, 1. år
FSP6428;Kantonesisk I, 1. år
FSP6429;Kantonesisk I
FSP6430;Kantonesisk I, muntlig
FSP6431;Kantonesisk II, 1. år
FSP6432;Kantonesisk II
FSP6433;Kantonesisk II, muntlig
FSP6434;Kantonesisk I+II, 1. år
FSP6438;Latvisk I, 1. år
FSP6439;Latvisk I
FSP6440;Latvisk I, muntlig
FSP6441;Latvisk II, 1. år
FSP6442;Latvisk II
FSP6443;Latvisk II, muntlig
FSP6444;Latvisk I+II, 1. år
FSP6448;Nederlandsk I, 1. år
FSP6449;Nederlandsk I
FSP6450;Nederlandsk I, muntlig
FSP6451;Nederlandsk II, 1. år
FSP6452;Nederlandsk II
FSP6453;Nederlandsk II, muntlig
FSP6454;Nederlandsk I+II, 1. år
FSP6458;Oromo I, 1. år
FSP6459;Oromo I
FSP6460;Oromo I, muntlig
FSP6461;Oromo II, 1. år
FSP6462;Oromo II
FSP6463;Oromo II, muntlig
FSP6464;Oromo I+II, 1. år
FSP6468;Panjabi I, 1. år
FSP6469;Panjabi I
FSP6470;Panjabi I, muntlig
FSP6471;Panjabi II, 1. år
FSP6472;Panjabi II
FSP6473;Panjabi II, muntlig
FSP6474;Panjabi I+II, 1. år
FSP6478;Pashto I, 1. år
FSP6479;Pashto I
FSP6480;Pashto I, muntlig
FSP6481;Pashto II, 1. år
FSP6482;Pashto II
FSP6483;Pashto II, muntlig
FSP6484;Pashto I+II, 1. år
FSP6488;Portugisisk I, 1. år
FSP6489;Portugisisk I
FSP6490;Portugisisk I, muntlig
FSP6491;Portugisisk II, 1. år
FSP6492;Portugisisk II
FSP6493;Portugisisk II, muntlig
FSP6494;Portugisisk I+II, 1. år
FSP6495;Portugisisk I+II, 2. år
FSP6496;Portugisisk I+II
FSP6497;Portugisisk I+II, muntlig
FSP6498;Tigrinja I, 1. år
FSP6499;Tigrinja I
FSP6500;Tigrinja I, muntlig
FSP6501;Tigrinja II, 1. år
FSP6502;Tigrinja II
FSP6503;Tigrinja II, muntlig
FSP6504;Tigrinja I+II, 1. år
FSP6508;Islandsk I, 1. år
FSP6509;Islandsk I
FSP6510;Islandsk I, muntlig
FSP6511;Islandsk II, 1. år
FSP6512;Islandsk II
FSP6513;Islandsk II, muntlig
FSP6514;Islandsk I+II, 1. år
FSP6518;Hindi I, 1. år
FSP6519;Hindi I
FSP6520;Hindi I, muntlig
FSP6521;Hindi II, 1. år
FSP6522;Hindi II
FSP6523;Hindi II, muntlig
FSP6524;Hindi I+II, 1. år
FSP6528;Litauisk I, 1. år
FSP6529;Litauisk I
FSP6530;Litauisk I, muntlig
FSP6531;Litauisk II, 1. år
FSP6532;Litauisk II
FSP6533;Litauisk II, muntlig
FSP6534;Litauisk I+II, 1. år
FSP6538;Thai I, 1. år
FSP6539;Thai I
FSP6540;Thai I, muntlig
FSP6541;Thai II, 1. år
FSP6542;Thai II
FSP6543;Thai II, muntlig
FSP6544;Thai I+II, 1. år
FSP6548;Serbisk I, 1. år
FSP6549;Serbisk I
FSP6550;Serbisk I, muntlig
FSP6551;Serbisk II, 1. år
FSP6552;Serbisk II
FSP6553;Serbisk II, muntlig
FSP6554;Serbisk I+II, 1. år
FSP6558;Nygresk I, 1. år
FSP6559;Nygresk I
FSP6560;Nygresk I, muntlig
FSP6561;Nygresk II, 1. år
FSP6562;Nygresk II
FSP6563;Nygresk II, muntlig
FSP6564;Nygresk I+II, 1. år
FSP6568;Ungarsk I, 1. år
FSP6569;Ungarsk I
FSP6570;Ungarsk I, muntlig
FSP6571;Ungarsk II, 1. år
FSP6572;Ungarsk II
FSP6573;Ungarsk II, muntlig
FSP6574;Ungarsk I+II, 1. år
FSP6579;Ukrainsk I
FSP6580;Ukrainsk I, muntlig
FSP6582;Ukrainsk II
FSP6583;Ukrainsk II, muntlig
FSP6589;Bulgarsk I
FSP6590;Bulgarsk I, muntlig
FSP6592;Bulgarsk II
FSP6593;Bulgarsk II, muntlig
FSP6599;Kroatisk I
FSP6600;Kroatisk I, muntlig
FSP6602;Kroatisk II
FSP6603;Kroatisk II, muntlig
FSP6609;Kurdisk (kurmanji) I
FSP6610;Kurdisk (kurmanji) I, muntlig
FSP6612;Kurdisk (kurmanji) II
FSP6613;Kurdisk (kurmanji) II, muntlig
FST4004;Flystrukturmekanikerfaget
FSY4004;Flysystemmekanikerfaget
FUO3004;Fjernstyrte undervannsoperasjoner
FUO3103;Fjernstyrte undervannsoperasjoner
FVF3001;Ferskvarehandlerfaget
FVF3103;Ferskvarehandlerfaget, skriftlig
GAR3004;Gartnerfaget
GAR3103;Gartnerfaget, skriftlig
GBF3004;Glassblåserfaget - særløp
GBF3103;Glassblåserfaget, skriftlig
GEO1003;Geografi
GEO1004;Geografi, samisk plan
GIP3004;Gipsmakerfaget - særløp
GIP3103;Gipsmakerfaget , skriftlig
GLA3004;Glassfaget - særløp
GLA3103;Glassfaget, skriftlig
GPT3004;Grafisk produksjonsteknikkfaget
GPT3103;Grafisk produksjonsteknikkfaget, skriftlig
GRF3004;Gravørfaget - særløp
GRF3103;Gravørfaget, skriftlig
GTL3004;Gjørtlerfaget - særløp
GTL3103;Gjørtlerfaget, skriftlig
GUL3004;Gullsmedfaget
GUL3103;Gullsmedfaget, skriftlig
GVF3004;Gjenvinningsfaget
GVF3103;Gjenvinningsfaget, skriftlig
HAV3001;Havbruksteknikkfaget
HAV3103;Havbruksteknikkfaget, skriftlig
HBB3004;Håndbokbinderfaget - særløp
HBB3103;Håndbokbinderfaget, skriftlig
HDF2001;Dyrelære og aktivitet
HDF2002;Drift og entreprenørskap
HDF2003;Tverrfaglig eksamen heste- og dyrefag
HEA2005;Helsefremmende arbeid
HEA2006;Kommunikasjon og samhandling
HEA2007;Yrkesliv i helsearbeiderfag
HEA2008;Tverrfaglig eksamen helsearbeiderfag
HEA3004;Helsearbeiderfaget
HEA3103;Helsearbeiderfaget, skriftlig
HEI3004;Heismontørfaget
HEI3103;Heismontørfaget, skriftlig
HES2005;Helse og sykdom
HES2006;Kommunikasjon og samhandling
HES2007;Yrkesliv i helseservicefag
HES2008;Tverrfaglig eksamen helseservicefag
HIS1009;Historie vg2 studieforberedende utdanningsprogram
HIS1010;Historie Vg3 studieforberedende utdanningsprogram
HIS1011;Historie Vg3 påbygging til generell studiekompetanse
HIS1012;Historie, samisk plan, vg2 studieforberedende utdanningsprogram
HIS1013;Historie, samisk plan, Vg3 studieforberedende utdanningsprogram
HIS1014;Historie, samisk plan, Vg3 påbygging til generell studiekompetanse
HIS1015;Historie, Vg3, påbygging til generell studiekompetanse for elever med samisk, kvensk eller finsk som andrespråk
HJU3004;Hjulutrustningsfaget
HJU3103;Hjulutrustningsfaget, skriftlig
HMD3004;Horn-, bein- og metallduodjifaget
HMD3103;Horn-, bein- og metallduodjifaget, skriftlig
HSE3005;Helse og sykdom
HSE3006;Kommunikasjon og samhandling
HSE3007;Yrkesliv i helsesekretærfaget
HSE3008;Tverrfaglig eksamen, helsesekretær
HSF1006;Helsefremmende arbeid
HSF1007;Kommunikasjon og samhandling
HSF1008;Yrkesliv i helse- og oppvekstfag
HSF1009;Tverrfaglig eksamen, helse- og oppvekstfag, privatister
HSK3004;Herreskredderfaget
HSK3103;Herreskredderfaget, skriftlig
HST3004;Hestefaget
HST3103;Hestefaget, skriftlig
HUD2005;Helsefremmende arbeid
HUD2006;Kommunikasjon og samhandling
HUD2007;Yrkesliv i hudpleiefaget
HUD2008;Tverrfaglig eksamen hudpleie
HUD3005;Helsefremmende arbeid
HUD3006;Kommunikasjon og samhandling
HUD3007;Yrkesliv i hudpleiefaget
HUD3008;Tverrfaglig eksamen, hudpleier
HVF3004;Håndveverfaget
HVF3103;Håndveverfaget, skriftlig
HVS3004;Hovslagerfaget - særløp
HVS3103;Hovslagerfaget, skriftlig
IDR2018;Aktivitetslære 1
IDR2019;Aktivitetslære 2
IDR2020;Aktivitetslære 3
IDR2021;Idrett og samfunn vg2
IDR2022;Idrett og samfunn Vg3
IDR2023;Treningsledelse 1
IDR2024;Treningsledelse 2
IDR2025;Treningslære 1 vg1
IDR2026;Treningslære 1
IDR2027;Treningslære 2
IDR3013;Toppidrett 1
IDR3014;Toppidrett 2
IDR3015;Toppidrett 3
IDR3016;Breddeidrett 1
IDR3017;Breddeidrett 2
IDR3018;Breddeidrett 3
IDR3019;Friluftsliv 1
IDR3020;Friluftsliv 2
IDR3021;Lederutvikling 1
IDR3022;Lederutvikling 2
IED2001;Design, teknologi og produksjon
IED2002;Kunde og kommunikasjon
IED2003;Tverrfaglig eksamen interiør og eksponeringsdesign
IHP3001;Innholdsproduksjonsfaget
IHP3103;Innholdsproduksjonsfaget, skriftlig
IKM1001;Produksjon og historiefortelling
IKM1002;Teknologiforståelse
IKM1003;Konseptutvikling og programmering
IKM1004;Tverrfaglig eksamen, informasjonsteknologi og medieproduksjon, privatister
IME3004;Industrimekanikerfaget
IME3103;Industrimekanikerfaget , skriftlig
IMF3004;Industrimalerfaget
IMF3103;Industrimalerfaget, skriftlig
IMO3004;Industrimontørfaget
IMO3103;Industrimontørfaget, skriftlig
IMP3004;Industriell matproduksjon
IMP3103;Industriell matproduksjon, skriftlig
INT3004;Prosess og prosjektering
INT3005;Kunde og kommunikasjon
INT3006;Tverrfaglig eksamen interiør
IOM3004;Industrioppmålingsfaget
IOM3103;Industrioppmålingsfaget, skriftlig
IOV3004;Industriell overflatebehandling
IOV3103;Industriell overflatebehandling, skriftlig
IRL3004;Industrirørleggerfaget
IRL3103;Industrirørleggerfaget, skriftlig
ISL3001;Isolatørfaget
ISL3103;Isolatørfaget, skriftlig
ISN3004;Industrisnekkerfaget
ISN3103;Industrisnekkerfaget, skriftlig
ITA3004;Industritapetsererfaget
ITA3103;Industritapetsererfaget, skriftlig
ITD3001;IT-driftsfaget
ITD3103;IT-driftsfaget, skriftlig
ITF3001;Industritekstilfaget, fordypningsområde farging, trykking og etterbehandling
ITF3004;Industritekstilfaget, fordypningsområde garnframstilling
ITF3005;Industritekstilfaget, fordypningsområde industrisøm
ITF3006;Industritekstilfaget, fordypningsområde trikotasje
ITF3007;Industritekstilfaget, fordypningsområde veving
ITF3103;Industritekstilfaget, fordypningsområde farging, trykking og etterbehandling, skriftlig
ITF3104;Industritekstilfaget, fordypningsområde garnframstilling, skriftlig
ITF3105;Industritekstilfaget, fordypningsområde industrisøm, skriftlig
ITF3106;Industritekstilfaget, fordypningsområde trikotasje, skriftlig
ITF3107;Industritekstilfaget, fordypningsområde veving, skriftlig
ITK2001;Driftsstøtte
ITK2002;Brukerstøtte
ITK2003;Utvikling
ITK2004;Tverrfaglig eksamen informasjonsteknologi
IUV3001;IT-utviklerfaget
IUV3103;IT-utviklerfaget, skriftlig
KAR3004;Chassispåbyggefaget
KAR3103;Chassispåbyggerfaget, skriftlig
KBB3004;Komposittbåtbyggerfaget
KBB3103;Komposittbåtbyggerfaget, skriftlig
KDA2007;Kunst og visuelle virkemidler 1
KDA2008;Kunst og visuelle verkemiddel 2
KDA2009;Kunst og visuelle virkemidler 3
KDA2010;Design og arkitektur 1
KDA2011;Design og arkitektur 2
KDA2012;Design og arkitektur 3
KDA3007;Kunst og skapende arbeid
KDA3008;Design og bærekraft
KDA3009;Arkitektur og samfunn
KDA3010;Foto og grafikk 1
KDA3011;Foto og grafikk 2
KDA3012;Samisk visuell kultur
KEF1001;Kvensk som andrespråk, vg1 yrkesfaglige utdanningsprogram
KEF1002;Kvensk som andrespråk, vg2 yrkesfaglige utdanningsprogram
KEF1003;Kvensk som andrespråk, muntlig for privatister, vg2 yrkesfaglige utdanningsprogram
KEF1004;Kvensk som andrespråk, vg1 studieforberedende utdanningsprogram, skriftlig
KEF1005;Kvensk som andrespråk, vg1 studieforberedende utdanningsprogram, muntlig
KEF1006;Kvensk som andrespråk, vg2 studieforberedende utdanningsprogram, skriftlig
KEF1007;Kvensk som andrespråk, vg2 studieforberedende utdanningsprogram, muntlig
KEF1008;Kvensk som andrespråk, vg3 studieforberedende utdanningsprogram, skriftlig
KEF1009;Kvensk som andrespråk, vg3 studieforberedende utdanningsprogram, muntlig
KEF1010;Kvensk som andrespråk, vg3 påbygging til generell studiekompetanse, skriftlig
KEF1011;Kvensk som andrespråk, vg3 påbygging til generell studiekompetanse, muntlig
KEF1101;Finsk som andrespråk, vg1 yrkesfaglige utdanningsprogram
KEF1102;Finsk som andrespråk, vg2 yrkesfaglige utdanningsprogram
KEF1103;Finsk som andrespråk, muntlig for privatister, vg2 yrkesfaglige utdanningsprogram
KEF1104;Finsk som andrespråk, vg1 studieforberedende utdanningsprogram, skriftlig
KEF1105;Finsk som andrespråk, vg1 studieforberedende utdanningsprogram, muntlig
KEF1106;Finsk som andrespråk, vg2 studieforberedende utdanningsprogram, skriftlig
KEF1107;Finsk som andrespråk, vg2 studieforberedende utdanningsprogram, muntlig
KEF1108;Finsk som andrespråk, vg3 studieforberedende utdanningsprogram, skriftlig
KEF1109;Finsk som andrespråk, vg3 studieforberedende utdanningsprogram, muntlig
KEF1110;Finsk som andrespråk, vg3 påbygging til generell studiekompetanse, skriftlig
KEF1111;Finsk som andrespråk, vg3 påbygging til generell studiekompetanse, muntlig
KEM2004;Praktisk yrkesutøvelse
KEM2005;Arbeidsmiljø og dokumentasjon
KEM2006;Tverrfaglig eksamen klima, energi og miljøteknikk
KER3004;Keramikerfaget - særløp
KER3103;Keramikerfaget , skriftlig
KJD3004;Kjole- og draktsyerfaget
KJD3103;Kjole- og draktsyerfaget, skriftlig
KJP3004;Kjemiprosessfaget
KJP3103;Kjemiprosessfaget, skriftlig
KJT2004;Verkstedarbeid
KJT2005;Dokumentasjon og kvalitet
KJT2006;Tverrfaglig eksamen kjøretøy
KLO3004;Kran- og løfteoperasjonsfaget
KLO3103;Kran- og løfteoperasjonsfaget, skriftlig
KOK3004;Kokkfaget
KOK3103;Kokkfaget, skriftlig
KON3004;Konditorfaget
KON3103;Konditorfaget, skriftlig
KOS2001;Råvare, produksjon, salg og service
KOS2002;Bransje og arbeidsliv
KOS2003;Tverrfaglig eksamen kokk- og servitørfag
KPL2001;Produksjon og tjenester
KPL2002;Kjemisk teknologi
KPL2003;Analyse, dokumentasjon og kvalitet
KPL2004;Tverrfaglig eksamen kjemiprosess- og laboratoriefag
KRO1017;Kroppsøving vg1
KRO1018;Kroppsøving vg2
KRO1019;Kroppsøving Vg3
KRV3004;Kurvmakerfaget - særløp
KRV3103;Kurvmakerfaget , skriftlig
KSK3004;Kjøttskjærerfaget
KSK3103;Kjøttskjærerfaget, skriftlig
KST3004;Kostymesyerfaget
KST3103;Kostymesyerfaget, skriftlig
KVP3001;Kulde- og varmepumpeteknikkfaget
KVP3103;Kulde- og varmepumpeteknikkfaget, skriftlig
KVV2001;Elenergi og automatisering
KVV2002;Kulde- og varmepumpeteknikk
KVV2003;Ventilasjonsteknikk
KVV2004;Tverrfaglig eksamen kulde-, varmepumpe og og ventilasjonsteknikk
LAB3004;Laboratoriefaget
LAB3103;Laboratoriefaget, skriftlig
LBR3009;Plante- og husdyrproduksjon
LBR3010;Utmark og kulturlandskap
LBR3011;Gårdsdrift
LBR3012;Maskiner og teknologi i landbruk
LBR3013;Økonomi og driftsledelse
LBR3014;Økologisk landbruk
LBR3015;Økologisk landbruk, muntlig
LBR3016;Tverrfaglig eksamen, landbruk
LGA2010;Produksjon og tjenesteyting
LGA2011;Forvaltning og drift
LGA2012;Tverrfaglig eksamen landbruk og gartnernæring
LMM3004;Landbruksmaskinmekanikerfaget
LMM3103;Landbruksmaskinmekanikerfaget, skriftlig
LOG3004;Logistikkfaget
LOG3103;Logistikkfaget, skriftlig
LSM3004;Låsesmedfaget
LSM3103;Låsesmedfaget , skriftlig
MAR2012;Skipstekniske tjenester
MAR2013;Dokumentasjon og kvalitet
MAR2014;Dekk
MAR2015;Maskin
MAR2016;Tverrfaglig eksamen maritime fag, dekk
MAR2017;Tverrfaglig eksamen maritime fag, maskin
MAT1019;Matematikk 1P
MAT1020;Matematikk 1P, muntlig-praktisk
MAT1021;Matematikk 1T
MAT1022;Matematikk 1T, muntlig-praktisk
MAT1023;Matematikk 2P
MAT1024;Matematikk 2P, muntlig-praktisk
MAT1111;Matematikk 1P-Y BA
MAT1112;Matematikk 1P-Y BA, muntlig-praktisk
MAT1113;Matematikk 1P-Y EL
MAT1114;Matematikk 1P-Y EL, muntlig-praktisk
MAT1115;Matematikk 1P-Y FD
MAT1116;Matematikk 1P-Y FD, muntlig-praktisk
MAT1117;Matematikk 1P-Y HS
MAT1118;Matematikk 1P-Y HS, muntlig-praktisk
MAT1119;Matematikk 1P-Y DT
MAT1120;Matematikk 1P-Y DT, muntlig-praktisk
MAT1121;Matematikk 1P-Y IM
MAT1122;Matematikk 1P-Y IM, muntlig-praktisk
MAT1123;Matematikk 1P-Y NA
MAT1124;Matematikk 1P-Y NA, muntlig-praktisk
MAT1125;Matematikk 1P-Y RM
MAT1126;Matematikk 1P-Y RM, muntlig-praktisk
MAT1127;Matematikk 1P-Y SR
MAT1128;Matematikk 1P-Y SR, muntlig-praktisk
MAT1129;Matematikk 1P-Y TP
MAT1130;Matematikk 1P-Y TP, muntlig-praktisk
MAT1131;Matematikk 1T-Y BA
MAT1132;Matematikk 1T-Y BA, muntlig-praktisk
MAT1133;Matematikk 1T-Y EL
MAT1134;Matematikk 1T-Y EL, muntlig-praktisk
MAT1135;Matematikk 1T-Y FD
MAT1136;Matematikk 1T-Y FD, muntlig-praktisk
MAT1137;Matematikk 1T-Y HS
MAT1138;Matematikk 1T-Y HS, muntlig-praktisk
MAT1139;Matematikk 1T-Y DT
MAT1140;Matematikk 1T-Y DT, muntlig-praktisk
MAT1141;Matematikk 1T-Y IM
MAT1142;Matematikk 1T-Y IM, muntlig-praktisk
MAT1143;Matematikk 1T-Y NA
MAT1144;Matematikk 1T-Y NA, muntlig-praktisk
MAT1145;Matematikk 1T-Y RM
MAT1146;Matematikk 1T-Y RM, muntlig-praktisk
MAT1147;Matematikk 1T-Y SR
MAT1148;Matematikk 1T-Y SR, muntlig-praktisk
MAT1149;Matematikk 1T-Y TP
MAT1150;Matematikk 1T-Y TP, muntlig-praktisk
MAT1151;Matematikk 2P-Y
MAT1152;Matematikk 2P-Y, muntlig-praktisk
MBT3004;Møbeltapetsererfaget - særløp
MBT3103;Møbeltapetsererfaget, skriftlig
MDD2002;Musikk, dans og drama
MDD3006;Bevegelse
MDD3007;Lytting
MDD3008;Danseteknikker
MDD3009;Musikk
MDD3010;Teaterensemble
MDF3001;Mediedesignfaget
MDF3103;Mediedesignfaget, skriftlig
MED2005;Teknologi og produksjon
MED2006;Konseptutvikling og kommunikasjon
MED2007;Design og visualisering
MED2008;Tverrfaglig eksamen medieproduksjon
MEL3006;Elenergi
MEL3007;Automasjon
MEL3008;Elektronisk kommunikasjon
MEL3009;Organisasjon og ledelse
MEL3010;Tverrfaglig eksamen maritim elektrikerfaget
MEL3104;Maritim elektrikerfaget, skriftlig
MEL4003;Maritim elektrikerfaget
MET3001;Medieteknikkfaget
MET3103;Medieteknikkfaget, skriftlig
MFF3001;Murer- og flisleggerfaget
MFF3103;Murer- og flisleggerfaget, skriftlig
MME3004;Motormekanikerfaget
MME3103;Motormekanikerfaget, skriftlig
MOB3004;Modellbyggerfaget
MOB3103;Modellbyggjarfaget, skriftlig
MOD3004;Modistfaget
MOD3103;Modistfaget, skriftlig
MOK2008;Mediesamfunnet 1
MOK2009;Mediesamfunnet 2
MOK2010;Mediesamfunnet 3
MOK2011;Mediesamfunnet 3, praktisk
MOK2012;Medieuttrykk 1
MOK2013;Medieuttrykk 2
MOK2014;Medieuttrykk 3
MOK3007;Tekst
MOK3008;Bilde
MOK3009;Lyddesign
MOK3010;Grafisk design
MOK3011;Medieutvikling
MOK3012;Mediespesialisering
MOT3001;Maler- og overflateteknikkfaget
MOT3103;Maler- og overflateteknikkfaget, skriftlig
MPM3004;Maskør- og parykkmakerfaget - særløp
MPM3103;Maskør- og parykkmakerfaget, skriftlig
MPR2001;Råvare, produksjon og kvalitet
MPR2002;Bransje og arbeidsliv
MPR2003;Tverrfaglig eksamen kjøttfag og næringsmiddelindustri
MSF3004;Møbelsnekkerfaget
MSF3103;Møbelsnekkerfaget, skriftlig
MSY3004;Motorsykkelfaget
MSY3103;Motorsykkelfaget, skriftlig
MTS3004;Matrosfaget
MTS3103;Matrosfaget, skriftlig
MUS2010;Ergonomi og bevegelse 1
MUS2011;Ergonomi og bevegelse 2
MUS2012;Instrument, kor, samspill 1
MUS2013;Instrument, kor, samspill 2
MUS2014;Musikk i perspektiv 1
MUS2015;Musikk i perspektiv, muntlig
MUS2016;Musikk i perspektiv 2
MUS2017;Musikk i perspektiv 2, muntlig
MUS2018;Instruksjon og ledelse
MUS3006;Musikk fordypning 1
MUS3007;Musikk fordypning 1, muntlig-praktisk
MUS3008;Musikk fordypning 2
MUS3009;Musikk fordypning 2, muntlig-praktisk
MUS3010;Samisk musikk og scene
NAB1005;Naturbasert produksjon og tjenesteyting
NAB1006;Naturbasert næringsaktivitet
NAB1007;Tverrfaglig eksamen, naturbruk, privatister
NAB3007;Naturforvaltning
NAB3008;Bruk og vern av natur
NAB3009;Feltarbeid i naturbruk
NAB3010;Naturbasert næringsutvikling
NAB3011;Naturforvaltning, muntlig
NAB3012;Naturbasert næringsutvikling, muntlig
NAT1007;Naturfag vg1 studieforberedende utdanningsprogram
NAT1008;Naturfag vg1 BA
NAT1009;Naturfag vg1 EL
NAT1010;Naturfag vg1 FD
NAT1011;Naturfag vg1 HS
NAT1012;Naturfag vg1 DT
NAT1013;Naturfag vg1 IM
NAT1014;Naturfag vg1 NA
NAT1015;Naturfag vg1 RM
NAT1016;Naturfag vg1 SR
NAT1017;Naturfag vg1 TP
NAT1018;Naturfag Vg3 påbygging til generell studiekompetanse
NAT1019;Naturfag vg1 studieforberedende utdanningsprogram, samisk plan
NAT1020;Naturfag vg1 BA, samisk plan
NAT1021;Naturfag vg1 EL, samisk plan
NAT1022;Naturfag vg1 FD, samisk plan
NAT1023;Naturfag vg1 HS, samisk plan
NAT1024;Naturfag vg1 DT, samisk plan
NAT1025;Naturfag vg1 IM, samisk plan
NAT1026;Naturfag vg1 NA, samisk plan
NAT1027;Naturfag vg1 RM, samisk plan
NAT1028;Naturfag vg1 SR, samisk plan
NAT1029;Naturfag vg1 TP, samisk plan
NAT1030;Naturfag Vg3 påbygging til generell studiekompetanse, samisk plan
NDT3004;NDT-kontrollørfaget
NDT3103;NDT-kontrollørfaget, skriftlig
NOR1065;Norsk tegnspråk, vg1 yrkesfaglige utdanningsprogram
NOR1066;Norsk tegnspråk, vg2 yrkesfaglige utdanningsprogram
NOR1067;Norsk tegnspråk, vg2 yrkesfaglige utdanningsprogram, muntlig samhandling
NOR1068;Norsk tegnspråk, vg1 studieforberedende utdanningsprogram, tekstskaping
NOR1069;Norsk tegnspråk, vg1 studieforberedene utdanningsprogram, muntlig samhandling
NOR1070;Norsk tegnspråk, vg2 studieforberedende utdanningsprogram, tekstskaping
NOR1071;Norsk tegnspråk, vg2 studieforberedende utdanningsprogram, muntlig samhandling
NOR1072;Norsk tegnspråk, vg3 studieforberedende utdanningsprogram, tekstskaping
NOR1073;Norsk tegnspråk, vg3 studieforberedende utdanningsprogram, muntlig samhandling
NOR1074;Norsk tegnspråk, vg3 påbygging til generell studiekompetanse, tekstskaping
NOR1075;Norsk tegnspråk, vg3 påbygging til generell studiekompetanse, muntlig samhandling
NOR1076;Norsk for elever med tegnspråk, vg2 yrkesfaglige utdanningsprogram
NOR1077;Norsk for elever med tegnspråk, vg1 studieforberedende utdanningsprogram
NOR1078;Norsk for elever med tegnspråk, vg2 studieforberedende utdanningsprogram
NOR1079;Norsk for elever med tegnspråk, vg3 studieforberedende utdanningsprogram
NOR1080;Norsk for elever med tegnspråk, vg3 påbygging til generell studiekompetanse
NOR1260;Norsk, vg1 studieforberedende utdanningsprogram, skriftlig
NOR1261;Norsk, vg1 studieforberedende utdanningsprogram, muntlig
NOR1262;Norsk, vg2 yrkesfaglige utdanningsprogram
NOR1263;Norsk, vg2 yrkesfaglige utdanningsprogram, muntlig
NOR1264;Norsk, vg2 studieforberedende utdanningsprogram, skriftlig
NOR1265;Norsk, vg2 studieforberedende utdanningsprogram, muntlig
NOR1267;Norsk hovedmål, vg3 studieforberedende utdanningsprogram, skriftlig
NOR1268;Norsk sidemål, vg3 studieforberedende utdanningsprogram, skriftlig
NOR1269;Norsk, vg3 studieforberedende utdanningsprogram, muntlig
NOR1270;Norsk hovedmål, vg3 påbygging til generell studiekompetanse, skriftlig
NOR1271;Norsk sidemål, vg3 påbygging til generell studiekompetanse, skriftlig
NOR1272;Norsk, vg3 påbygging til generell studiekompetanse, muntlig
NOR1274;Norsk for elever med samisk som førstespråk, vg2 yrkesfaglige utdanningsprogram
NOR1275;Norsk for elever med samisk som førstespråk, vg2 yrkesfaglige utdanningsprogram, muntlig
NOR1276;Norsk for elever med samisk som førstespråk, vg1 studieforberedende utdanningsprogram, skriftlig
NOR1277;Norsk for elever med samisk som førstespråk, vg1 studieforberedende utdanningsprogram, muntlig
NOR1278;Norsk for elever med samisk som førstespråk, vg2 studieforberedende utdanningsprogram, skriftlig
NOR1279;Norsk for elever med samisk som førstespråk, vg2 studieforberedende utdanningsprogram, muntlig
NOR1280;Norsk for elever med samisk som førstespråk, Vg3 studieforberedende utdanningsprogram, skriftlig
NOR1281;Norsk for elever med samisk som førstespråk, Vg3 studieforberedende utdanningsprogram, muntlig
NOR1282;Norsk for elever med samisk som førstespråk, Vg3 påbygging til generell studiekompetanse, skriftlig
NOR1283;Norsk for elever med samisk som førstespråk, Vg3 påbygging til generell studiekompetanse, muntlig
NOR1284;Norsk for elever med samisk/kvensk/finsk som andrespråk, vg1 studieforberedende utdanningsprogram, skriftlig
NOR1285;Norsk for elever med samisk/kvensk/finsk som andrespråk, vg2 yrkesfaglige utdanningsprogram
NOR1286;Norsk for elever med samisk/kvensk/finsk som andrespråk, vg2 studieforberedende utdanningsprogram, skriftlig
NOR1287;Norsk for elever med samisk/kvensk/finsk som andrespråk, Vg3 studieforberedende utdanningsprogram, skriftlig
NOR1288;Norsk for elever med samisk/kvensk/finsk som andrespråk, Vg3 påbygging til generell studiekompetanse, skriftlig
NOR1412;Norsk for elever i vgo med kort botid i Norge, vg1 studieforberedende utdanningsprogram, skriftlig
NOR1413;Norsk for elever i vgo med kort botid i Norge, vg1 studieforberedende utdanningsprogram, muntlig
NOR1414;Norsk for elever i vgo med kort botid i Norge, vg2 studieforberedende utdanningsprogram, skriftlig
NOR1416;Norsk for elever i vgo med kort botid i Norge, vg2 studieforberedende utdanningsprogram, muntlig
NOR1418;Norsk for elever i vgo med kort botid i Norge, vg2 yrkesfaglige utdanningsprogram
NOR1419;Norsk for elever i vgo med kort botid i Norge, vg2 yrkesfaglige utdanningsprogram, muntlig
NOR1420;Norsk for elever i vgo med kort botid i Norge, Vg3 studieforberedende utdanningsprogram, skriftlig
NOR1421;Norsk for elever i vgo med kort botid i Norge, Vg3 studieforberedende utdanningsprogram, muntlig
NOR1422;Norsk for elever i vgo med kort botid i Norge, Vg3 påbygging til generell studiekompetanse, skriftlig
NOR1423;Norsk for elever i vgo med kort botid i Norge, Vg3 påbygging til generell studiekompetanse, muntlig
OFT2004;Forbehandling og påføring
OFT2005;Helse, miljø, sikkerhet og kvalitet
OFT2006;Tverrfaglig eksamen overflateteknikk
OPT3004;Optronikerfaget
OPT3103;Optronikerfaget, skriftlig
ORG3004;Orgelbyggerfaget
ORG3103;Orgelbyggerfaget, skriftlig
ORT3004;Ortopediteknikkfaget
ORT3103;Ortopediteknikkfaget, skriftlig
PFD3004;Profileringsdesignfaget
PFD3103;Profileringsdesignfaget, skriftlig
PIN2005;Teknologi
PIN2006;Vedlikehold
PIN2007;Tverrfaglig eksamen industriteknologi
PLA3004;Platearbeiderfaget
PLA3103;Platearbeiderfaget, skriftlig
PLF3001;Plastfaget
PLF3103;Plastfaget, skriftlig
PMF3004;Pølsemakerfaget
PMF3103;Pølsemakerfaget, skriftlig
POM3004;Polymerkomposittfaget
POM3103;Polymerkomposittfaget, skriftlig
POR3004;Portørfaget
POR3103;Portørfaget, skriftlig
PRO3004;Produksjonselektronikerfaget
PRO3103;Produksjonselektronikerfaget, skriftlig
PRT3004;Produksjonsteknikkfaget
PRT3103;Produksjonsteknikkfaget, skriftlig
PSP5790;Finsk nivå I
PSP5791;Finsk nivå I, muntlig
PSP5792;Finsk nivå II
PSP5793;Finsk nivå II, muntlig
PSP5794;Finsk nivå III
PSP5795;Finsk nivå III, muntlig
PSP5796;Fransk nivå I
PSP5797;Fransk nivå I, muntlig
PSP5798;Fransk nivå II
PSP5799;Fransk nivå II, muntlig
PSP5800;Fransk nivå III
PSP5801;Fransk nivå III, muntlig
PSP5802;Lulesamisk nivå I
PSP5803;Lulesamisk nivå I, muntlig
PSP5804;Lulesamisk nivå II
PSP5805;Lulesamisk nivå II, muntlig
PSP5806;Lulesamisk nivå III
PSP5807;Lulesamisk nivå III, muntlig
PSP5808;Nordsamisk nivå I
PSP5809;Nordsamisk nivå I, muntlig
PSP5810;Nordsamisk nivå II
PSP5811;Nordsamisk nivå II, muntlig
PSP5812;Nordsamisk nivå III
PSP5813;Nordsamisk nivå III, muntlig
PSP5814;Sørsamisk, nivå I
PSP5815;Sørsamisk nivå I, muntlig
PSP5816;Sørsamisk nivå II
PSP5817;Sørsamisk nivå II, muntlig
PSP5818;Sørsamisk nivå III
PSP5819;Sørsamisk nivå III, muntlig
PSP5820;Russisk, nivå I
PSP5821;Russisk nivå I, muntlig
PSP5822;Russisk nivå II
PSP5823;Russisk nivå II, muntlig
PSP5824;Russisk nivå III
PSP5825;Russisk nivå III, muntlig
PSP5826;Spansk, nivå I
PSP5827;Spansk nivå I, muntlig
PSP5828;Spansk nivå II
PSP5829;Spansk nivå II, muntlig
PSP5830;Spansk nivå III
PSP5831;Spansk nivå III, muntlig
PSP5832;Tegnspråk, nivå I
PSP5833;Tegnspråk nivå I, muntlig
PSP5834;Tegnspråk nivå II
PSP5835;Tegnspråk nivå II, muntlig
PSP5836;Tegnspråk nivå III
PSP5837;Tegnspråk nivå III, muntlig
PSP5838;Tysk, nivå I
PSP5839;Tysk nivå I, muntlig
PSP5840;Tysk nivå II
PSP5841;Tysk nivå II, muntlig
PSP5842;Tysk nivå III
PSP5843;Tysk nivå III, muntlig
PSP5844;Italiensk nivå I
PSP5845;Italiensk nivå I, muntlig
PSP5846;Italiensk nivå II
PSP5847;Italiensk nivå II, muntlig
PSP5848;Italiensk nivå III
PSP5849;Italiensk nivå III, muntlig
PSP5850;Japansk nivå I
PSP5851;Japansk nivå I, muntlig
PSP5852;Japansk nivå II
PSP5853;Japansk nivå II, muntlig
PSP5854;Japansk nivå III
PSP5855;Japansk nivå III, muntlig
PSP5856;Arabisk nivå I
PSP5857;Arabisk nivå I, muntlig
PSP5858;Arabisk nivå II
PSP5859;Arabisk nivå II, muntlig
PSP5860;Arabisk nivå III
PSP5861;Arabisk nivå III, muntlig
PSP5862;Kinesisk nivå I
PSP5863;Kinesisk nivå I, muntlig
PSP5864;Kinesisk nivå II
PSP5865;Kinesisk nivå II, muntlig
PSP5866;Kinesisk nivå III
PSP5867;Kinesisk nivå III, muntlig
PSP5868;Portugisisk nivå I
PSP5869;Portugisisk nivå I, muntlig
PSP5870;Portugisisk nivå II
PSP5871;Portugisisk nivå II, muntlig
PSP5872;Portugisisk nivå III
PSP5873;Portugisisk nivå III, muntlig
PSP5874;Albansk nivå I
PSP5875;Albansk nivå I, muntlig
PSP5876;Albansk nivå II
PSP5877;Albansk nivå II, muntlig
PSP5878;Albansk nivå III
PSP5879;Albansk nivå III, muntlig
PSP5880;Bosnisk nivå I
PSP5881;Bosnisk nivå I, muntlig
PSP5882;Bosnisk nivå II
PSP5883;Bosnisk nivå II, muntlig
PSP5884;Bosnisk nivå III
PSP5885;Bosnisk nivå III, muntlig
PSP5886;Dari nivå I
PSP5887;Dari nivå I, muntlig
PSP5888;Dari nivå II
PSP5889;Dari nivå II, muntlig
PSP5890;Dari nivå III
PSP5891;Dari nivå III, muntlig
PSP5892;Koreansk nivå I
PSP5893;Koreansk nivå I, muntlig
PSP5894;Koreansk nivå II
PSP5895;Koreansk nivå II, muntlig
PSP5896;Koreansk nivå III
PSP5897;Koreansk nivå III, muntlig
PSP5898;Kurdisk (sorani) nivå I
PSP5899;Kurdisk (sorani) nivå I, muntlig
PSP5900;Kurdisk (sorani) nivå II
PSP5901;Kurdisk (sorani) nivå II, muntlig
PSP5902;Kurdisk (sorani) nivå III
PSP5903;Kurdisk (sorani) nivå III, muntlig
PSP5904;Persisk nivå I
PSP5905;Persisk nivå I, muntlig
PSP5906;Persisk nivå II
PSP5907;Persisk nivå II, muntlig
PSP5908;Persisk nivå III
PSP5909;Persisk nivå III, muntlig
PSP5910;Polsk nivå I
PSP5911;Polsk nivå I, muntlig
PSP5912;Polsk nivå II
PSP5913;Polsk nivå II, muntlig
PSP5914;Polsk nivå III
PSP5915;Polsk nivå III, muntlig
PSP5916;Somali nivå I
PSP5917;Somali nivå I, muntlig
PSP5918;Somali nivå II
PSP5919;Somali nivå II, muntlig
PSP5920;Somali nivå III
PSP5921;Somali nivå III, muntlig
PSP5922;Tamil nivå I
PSP5923;Tamil nivå I, muntlig
PSP5924;Tamil nivå II
PSP5925;Tamil nivå II, muntlig
PSP5926;Tamil nivå III
PSP5927;Tamil nivå III, muntlig
PSP5928;Tyrkisk nivå I
PSP5929;Tyrkisk nivå I, muntlig
PSP5930;Tyrkisk nivå II
PSP5931;Tyrkisk nivå II, muntlig
PSP5932;Tyrkisk nivå III
PSP5933;Tyrkisk nivå III, muntlig
PSP5934;Urdu nivå I
PSP5935;Urdu nivå I, muntlig
PSP5936;Urdu nivå II
PSP5937;Urdu nivå II, muntlig
PSP5938;Urdu nivå III
PSP5939;Urdu nivå III, muntlig
PSP5940;Vietnamesisk nivå I
PSP5941;Vietnamesisk nivå I, muntlig
PSP5942;Vietnamesisk nivå II
PSP5943;Vietnamesisk nivå II, muntlig
PSP5944;Vietnamesisk nivå III
PSP5945;Vietnamesisk nivå III, muntlig
PSP5946;Amharisk nivå I
PSP5947;Amharisk nivå I, muntlig
PSP5948;Amharisk nivå II
PSP5949;Amharisk nivå II, muntlig
PSP5950;Amharisk nivå III
PSP5951;Amharisk nivå III, muntlig
PSP5952;Estisk nivå I
PSP5953;Estisk nivå I, muntlig
PSP5954;Estisk nivå II
PSP5955;Estisk nivå II, muntlig
PSP5956;Estisk nivå III
PSP5957;Estisk nivå III, muntlig
PSP5958;Filipino nivå I
PSP5959;Filipino nivå I, muntlig
PSP5960;Filipino nivå II
PSP5961;Filipino nivå II, muntlig
PSP5962;Filipino nivå III
PSP5963;Filipino nivå III, muntlig
PSP5964;Hebraisk nivå I
PSP5965;Hebraisk nivå I, muntlig
PSP5966;Hebraisk nivå II
PSP5967;Hebraisk nivå II, muntlig
PSP5968;Hebraisk nivå III
PSP5969;Hebraisk nivå III, muntlig
PSP5970;Kantonesisk nivå I
PSP5971;Kantonesisk nivå I, muntlig
PSP5972;Kantonesisk nivå II
PSP5973;Kantonesisk nivå II, muntlig
PSP5974;Kantonesisk nivå III
PSP5975;Kantonesisk nivå III, muntlig
PSP5976;Latvisk nivå I
PSP5977;Latvisk nivå I, muntlig
PSP5978;Latvisk nivå II
PSP5979;Latvisk nivå II, muntlig
PSP5980;Latvisk nivå III
PSP5981;Latvisk nivå III, muntlig
PSP5982;Nederlandsk nivå I
PSP5983;Nederlandsk nivå I, muntlig
PSP5984;Nederlandsk nivå II
PSP5985;Nederlandsk nivå II, muntlig
PSP5986;Nederlandsk nivå III
PSP5987;Nederlandsk nivå III, muntlig
PSP5988;Oromo nivå I
PSP5989;Oromo nivå I, muntlig
PSP5990;Oromo nivå II
PSP5991;Oromo nivå II, muntlig
PSP5992;Oromo nivå III
PSP5993;Oromo nivå III, muntlig
PSP5994;Panjabi nivå I
PSP5995;Panjabi nivå I, muntlig
PSP5996;Panjabi nivå II
PSP5997;Panjabi nivå II, muntlig
PSP5998;Panjabi nivå III
PSP5999;Panjabi nivå III, muntlig
PSP6000;Pashto nivå I
PSP6001;Pashto nivå I, muntlig
PSP6002;Pashto nivå II
PSP6003;Pashto nivå II, muntlig
PSP6004;Pashto nivå III
PSP6005;Pashto nivå III, muntlig
PSP6006;Tigrinja nivå I
PSP6007;Tigrinja nivå I, muntlig
PSP6008;Tigrinja nivå II
PSP6009;Tigrinja nivå II, muntlig
PSP6010;Tigrinja nivå III
PSP6011;Tigrinja nivå III, muntlig
PSP6012;Islandsk nivå I
PSP6013;Islandsk nivå I, muntlig
PSP6014;Islandsk nivå II
PSP6015;Islandsk nivå II, muntlig
PSP6016;Islandsk nivå III
PSP6017;Islandsk nivå III, muntlig
PSP6018;Hindi nivå I
PSP6019;Hindi nivå I, muntlig
PSP6020;Hindi nivå II
PSP6021;Hindi nivå II, muntlig
PSP6022;Hindi nivå III
PSP6023;Hindi nivå III, muntlig
PSP6032;Litauisk nivå I
PSP6033;Litauisk nivå I, muntlig
PSP6034;Litauisk nivå II
PSP6035;Litauisk nivå II, muntlig
PSP6036;Litauisk nivå III
PSP6037;Litauisk nivå III, muntlig
PSP6038;Thai nivå I
PSP6039;Thai nivå I, muntlig
PSP6040;Thai nivå II
PSP6041;Thai nivå II, muntlig
PSP6042;Thai nivå III
PSP6043;Thai nivå III, muntlig
PSP6044;Serbisk nivå I
PSP6045;Serbisk nivå I, muntlig
PSP6046;Serbisk nivå II
PSP6047;Serbisk nivå II, muntlig
PSP6048;Serbisk nivå III
PSP6049;Serbisk nivå III, muntlig
PSP6050;Nygresk nivå I
PSP6051;Nygresk nivå I, muntlig
PSP6052;Nygresk nivå II
PSP6053;Nygresk nivå II, muntlig
PSP6054;Nygresk nivå III
PSP6055;Nygresk nivå III, muntlig
PSP6056;Ungarsk nivå I
PSP6057;Ungarsk nivå I, muntlig
PSP6058;Ungarsk nivå II
PSP6059;Ungarsk nivå II, muntlig
PSP6060;Ungarsk nivå III
PSP6061;Ungarsk nivå III, muntlig
PSP6062;Ukrainsk nivå I
PSP6063;Ukrainsk nivå I, muntlig
PSP6064;Ukrainsk nivå II
PSP6065;Ukrainsk nivå II, muntlig
PSP6066;Ukrainsk nivå III
PSP6067;Ukrainsk nivå III, muntlig
PSP6068;Bulgarsk nivå I
PSP6069;Bulgarsk nivå I, muntlig
PSP6070;Bulgarsk nivå II
PSP6071;Bulgarsk nivå II, muntlig
PSP6072;Bulgarsk nivå III
PSP6073;Bulgarsk nivå III, muntlig
PSP6074;Kroatisk nivå I
PSP6075;Kroatisk nivå I, muntlig
PSP6076;Kroatisk nivå II
PSP6077;Kroatisk nivå II, muntlig
PSP6078;Kroatisk nivå III
PSP6079;Kroatisk nivå III, muntlig
PSP6080;Kurdisk (kurmanji) nivå I
PSP6081;Kurdisk (kurmanji) nivå I, muntlig
PSP6082;Kurdisk (kurmanji) nivå II
PSP6083;Kurdisk (kurmanji) nivå II, muntlig
PSP6084;Kurdisk (kurmanji) nivå III
PSP6085;Kurdisk (kurmanji) nivå III, muntlig
REA3035;Biologi 1
REA3036;Biologi 2
REA3037;Biologi 2, muntlig-praktisk
REA3038;Fysikk 1
REA3039;Fysikk 2
REA3040;Fysikk 2, muntlig-praktisk
REA3041;Geofag X
REA3042;Geofag 1
REA3043;Geofag 2
REA3044;Geofag 2, muntlig-praktisk
REA3045;Kjemi 1
REA3046;Kjemi 2
REA3047;Kjemi 2, muntlig-praktisk
REA3048;Informasjonsteknologi 1
REA3049;Informasjonsteknologi 2
REA3050;Informasjonsteknologi 2, muntlig-praktisk
REA3051;Teknologi og forskningslære X
REA3052;Teknologi og forskningslære 1
REA3053;Teknologi og forskningslære 2
REA3054;Teknologi og forskningslære 2, muntlig-praktisk
REA3055;Matematikk X
REA3056;Matematikk R1
REA3057;Matematikk R1, muntlig
REA3058;Matematikk R2
REA3059;Matematikk R2, muntlig
REA3060;Matematikk S1
REA3061;Matematikk S1, muntlig
REA3062;Matematikk S2
REA3063;Matematikk S2, muntlig
REA3064;Programmering og modellering X
REI2009;Reindriftsbasert aktivitet og produksjon
REI2010;Reinen og dens naturmiljø
REI2011;Økonomi og ressursforvaltning
REI2012;Tverrfaglig eksamen reindrift
REI3004;Reindriftsfaget
REI3103;Reindriftsfaget, skriftlig
REL1003;Religion og etikk
REL1004;Religion og etikk, samisk plan
REP3004;Repslagerfaget - særløp
REP3103;Repslagerfaget, skriftlig
RLF2001;Bransjelære
RLF2002;Sanitærteknikk
RLF2003;Varmeteknikk
RLF2004;Tverrfaglig eksamen rørlegger
RLF3004;Rørleggerfaget
RLF3103;Rørleggerfaget, skriftlig
RLV3004;Reiselivsfaget
RLV3103;Reiselivsfaget, skriftlig
RMF1006;Råvare, produksjon og kvalitet
RMF1007;Bransje og arbeidsliv
RMF1008;Tverrfaglig eksamen, restaurant- og matfag, privatister
ROF3004;Renholdsoperatørfaget - særløp
ROF3103;Renholdsoperatørfaget - skriftlig
ROM3007;Elektronikk og kommunikasjonsteknologi
ROM3008;Romteknologi og satellitteknikk
ROM3009;Telemetri
ROM3010;Romfysikk
ROM3011;Fjernanalyse og geografiske informasjonssystemer
ROM3012;Tverrfaglig eksamen romteknologi
RSD3004;Reservedelsfaget
RSD3103;Reservedelsfaget, skriftlig
SAK1001;Samfunnskunnskap
SAK1002;Samfunnskunnskap, samisk plan
SAL3004;Salmakerfaget
SAL3103;Salmakerfaget, skriftlig
SAM3042;Historie og filosofi 1
SAM3043;Historie og filosofi 2
SAM3044;Historie og filosofi 2, muntlig
SAM3045;Markedsføring og ledelse 1
SAM3046;Markedsføring og ledelse 2
SAM3047;Markedsføring og ledelse 2, muntlig
SAM3048;Medie- og informasjonskunnskap 1
SAM3049;Medie- og informasjonskunnskap 2
SAM3050;Medie- og informasjonskunnskap 2, muntlig-praktisk
SAM3051;Sosialkunnskap
SAM3052;Sosialkunnskap, muntlig
SAM3053;Samfunnsgeografi
SAM3054;Sosiologi og sosialantropologi
SAM3055;Politikk og menneskerettigheter
SAM3056;Politikk og menneskerettigheter, muntlig
SAM3057;Rettslære 1
SAM3058;Rettslære 2
SAM3059;Rettslære 2, muntlig
SAM3060;Samfunnsøkonomi 1
SAM3061;Samfunnsøkonomi 2
SAM3062;Samfunnsøkonomi 2, muntlig
SAM3063;Entreprenørskap og bedriftsutvikling 1
SAM3064;Entreprenørskap og bedriftsutvikling 2
SAM3065;Entreprenørskap og bedriftsutvikling 2, muntlig-praktisk
SAM3066;Samisk historie og samfunn 1
SAM3067;Samisk historie og samfunn 2
SAM3068;Økonomistyring
SAM3069;Økonomistyring, muntlig-praktisk
SAM3070;Økonomi og ledelse
SAM3071;Økonomi og ledelse, muntlig-praktisk
SAM3072;Psykologi 1
SAM3073;Psykologi 2
SAM3074;Psykologi 2, muntlig
SAM3075;Økologisk økonomi 1
SAM3076;Økologisk økonomi 2
SAM3077;Økologisk økonomi 2, muntlig-praktisk
SAM3078;Bioøkonomi 1
SAM3079;Bioøkonomi 2
SAM3080;Bioøkonomi 2, muntlig-praktisk
SAS2001;Samisk som andrespråk, samisk 2, nordsamisk, vg1 yrkesfaglige utdanningsprogram
SAS2002;Samisk som andrespråk, samisk 2, nordsamisk, vg2 yrkesfaglige utdanningsprogram
SAS2003;Samisk som andrespråk, samisk 2, nordsamisk, vg2 yrkesfaglige utdanningsprogram, muntlig
SAS2004;Samisk som andrespråk, samisk 2, nordsamisk, vg1 studieforberedende utdanningsprogram, skriftlig
SAS2005;Samisk som andrespråk, samisk 2, nordsamisk, vg1 studieforberedende utdanningsprogram, muntlig
SAS2006;Samisk som andrespråk, samisk 2, nordsamisk, vg2  studieforberedende utdanningsprogram, skriftlig
SAS2007;Samisk som andrespråk, samisk 2, nordsamisk, vg2 studieforberedende utdanningsprogram, muntlig
SAS2008;Samisk som andrespråk, samisk 2, nordsamisk, Vg3 studieforberedende utdanningsprogram, skriftlig
SAS2009;Samisk som andrespråk, samisk 2, nordsamisk, Vg3 studieforberedende utdanningsprogram, muntlig
SAS2010;Samisk som andrespråk, samisk 2, sørsamisk, vg1 yrkesfaglige utdanningsprogram
SAS2011;Samisk som andrespråk, samisk 2, sørsamisk, vg2 yrkesfaglige utdanningsprogram
SAS2012;Samisk som andrespråk, samisk 2, sørsamisk, vg2 yrkesfaglige utdanningsprogram, muntlig
SAS2013;Samisk som andrespråk, samisk 2, sørsamisk, vg1 studieforberedende utdanningsprogram, skriftlig
SAS2014;Samisk som andrespråk, samisk 2, sørsamisk, vg1 studieforberedende utdanningsprogram, muntlig
SAS2015;Samisk som andrespråk, samisk 2, sørsamisk, vg2 studieforberedende utdanningsprogram, skriftlig
SAS2016;Samisk som andrespråk, samisk 2, sørsamisk, vg2 studieforberedende utdanningsprogram, muntlig
SAS2017;Samisk som andrespråk, samisk 2, sørsamisk, Vg3 studieforberedende utdanningsprogram, skriftlig
SAS2018;Samisk som andrespråk, samisk 2, sørsamisk, Vg3 studieforberedende utdanningsprogram, muntlig
SAS2019;Samisk som andrespråk, samisk 2, lulesamisk, vg1 yrkesfaglige utdanningsprogram
SAS2020;Samisk som andrespråk, samisk 2, lulesamisk, vg2 yrkesfaglige utdanningsprogram
SAS2021;Samisk som andrespråk, samisk 2, lulesamisk, vg2 yrkesfaglige utdanningsprogram, muntlig
SAS2022;Samisk som andrespråk, samisk 2, lulesamisk, vg1 studieforberedende utdanningsprogram, skriftlig
SAS2023;Samisk som andrespråk, samisk 2, lulesamisk, vg1 studieforberedende utdanningsprogram, muntlig
SAS2024;Samisk som andrespråk, samisk 2, lulesamisk, vg2 studieforberedende utdanningsprogram, skriftlig
SAS2025;Samisk som andrespråk, samisk 2, lulesamisk, vg2 studieforberedende utdanningsprogram, muntlig
SAS2026;Samisk som andrespråk, samisk 2, lulesamisk, Vg3 studieforberedende utdanningsprogram, skriftlig
SAS2027;Samisk som andrespråk, samisk 2, lulesamisk, Vg3 studieforberedende utdanningsprogram, muntlig
SAS2028;Samisk som andrespråk, samisk 2, nordsamisk, Vg3 påbygging til generell studiekompetanse, skriftlig
SAS2029;Samisk som andrespråk, samisk 2, nordsamisk, Vg3 påbygging til generell studiekompetanse, muntlig
SAS2030;Samisk som andrespråk, samisk 2, sørsamisk, Vg3 påbygging til generell studiekompetanse, skriftlig
SAS2031;Samisk som andrespråk, samisk 2, sørsamisk, Vg3 påbygging til generell studiekompetanse, muntlig
SAS2032;Samisk som andrespråk, samisk 2, lulesamisk, Vg3 påbygging til generell studiekompetanse, skriftligc
SAS2033;Samisk som andrespråk, samisk 2, lulesamisk, Vg3 påbygging til generell studiekompetanse, muntlig
SAS3029;Samisk som andrespråk, samisk 3, nordsamisk, vg1 yrkesfaglige utdanningsprogram
SAS3030;Samisk som andrespråk, samisk 3, nordsamisk, vg1 studieforberedende utdanningsprogram
SAS3031;Samisk som andrespråk, samisk 3, sørsamisk, vg1 yrkesfaglige utdanningsprogram
SAS3032;Samisk som andrespråk, samisk 3, sørsamisk, vg1 studieforberedende utdanningsprogram
SAS3033;Samisk som andrespråk, samisk 3, lulesamisk, vg1 yrkesfaglige utdanningsprogram
SAS3034;Samisk som andrespråk, samisk 3, lulesamisk, vg1 studieforberedende utdanningsprogram
SAS3035;Samisk som andrespråk, samisk 3, nordsamisk, vg2 yrkesfaglige utdanningsprogram
SAS3036;Samisk som andrespråk, samisk 3, nordsamisk, vg2 studieforberedende utdanningsprogram
SAS3037;Samisk som andrespråk, samisk 3, sørsamisk, vg2 yrkesfaglige utdanningsprogram
SAS3038;Samisk som andrespråk, samisk 3, sørsamisk, vg2 studieforberedende utdanningsprogram
SAS3039;Samisk som andrespråk, samisk 3, lulesamisk, vg2 yrkesfaglige utdanningsprogram
SAS3040;Samisk som andrespråk, samisk 3, lulesamisk, vg2 studieforberedende utdanningsprogram
SAS3041;Samisk som andrespråk, samisk 3, nordsamisk, Vg3 studieforberedende utdanningsprogram
SAS3042;Samisk som andrespråk, samisk 3, nordsamisk, Vg3 studieforberedende utdanningsprogram, muntlig
SAS3043;Samisk som andrespråk, samisk 3, sørsamisk, Vg3 studieforberedende utdanningsprogram
SAS3044;Samisk som andrespråk, samisk 3, sørsamisk, Vg3 studieforberedende utdanningsprogram, muntlig
SAS3045;Samisk som andrespråk, samisk 3, lulesamisk, Vg3 studieforberedende utdanningsprogram
SAS3046;Samisk som andrespråk, samisk 3, lulesamisk, Vg3 studieforberedende utdanningsprogram, muntlig
SAS3047;Samisk som andrespråk, samisk 3, nordsamisk, Vg3 påbygging til generell studiekompetanse
SAS3048;Samisk som andrespråk, samisk 3, nordsamisk, Vg3 påbygging til generell studiekompetanse, muntlig
SAS3049;Samisk som andrespråk, samisk 3, sørsamisk, Vg3 påbygging til generell studiekompetanse
SAS3050;Samisk som andrespråk, samisk 3, sørsamisk, Vg3 påbygging til generell studiekompetanse, muntlig
SAS3051;Samisk som andrespråk, samisk 3, lulesamisk, Vg3 påbygging til generell studiekompetanse
SAS3052;Samisk som andrespråk, samisk 3, lulesamisk, Vg3 påbygging til generell studiekompetanse, muntlig
SAS4031;Samisk som andrespråk, samisk 4, nordsamisk, vg1 studieforberedende utdanningsprogram
SAS4033;Samisk som andrespråk, samisk 4, nordsamisk, vg2 studieforberedende utdanningsprogram
SAS4035;Samisk som andrespråk, samisk 4, nordsamisk, Vg3 studieforberedende utdanningsprogram
SAS4036;Samisk som andrespråk, samisk 4, nordsamisk, Vg3 studieforberedende utdanningsprogram, muntlig
SAS4037;Samisk som andrespråk, samisk 4, nordsamisk, vg1 yrkesfaglige utdanningsprogram
SAS4038;Samisk som andrespråk, samisk 4, nordsamisk, vg2 yrkesfaglige utdanningsprogram
SAS4039;Samisk som andrespråk, samisk 4, nordsamisk, Vg3 påbygging til generell studiekompetanse
SAS4040;Samisk som andrespråk, samisk 4, nordsamisk, Vg3 påbygging til generell studiekompetanse, muntlig
SAS4041;Samisk som andrespråk, samisk 4, sørsamisk, vg1 studieforberedende utdanningsprogram
SAS4043;Samisk som andrespråk, samisk 4, sørsamisk, vg2 studieforberedende utdanningsprogram
SAS4045;Samisk som andrespråk, samisk 4, sørsamisk, Vg3 studieforberedende utdanningsprogram
SAS4046;Samisk som andrespråk, samisk 4, sørsamisk, Vg3 studieforberedende utdanningsprogram, muntlig
SAS4047;Samisk som andrespråk, samisk 4, sørsamisk, vg1 yrkesfaglige utdanningsprogram
SAS4048;Samisk som andrespråk, samisk 4, sørsamisk, vg2 yrkesfaglige utdanningsprogram
SAS4049;Samisk som andrespråk, samisk 4, sørsamisk, Vg3 påbygging til generell studiekompetanse
SAS4050;Samisk som andrespråk, samisk 4, sørsamisk, Vg3 påbygging til generell studiekompetanse, muntlig
SAS4051;Samisk som andrespråk, samisk 4, lulesamisk, vg1 studieforberedende utdanningsprogram
SAS4053;Samisk som andrespråk, samisk 4, lulesamisk, vg2 studieforberedende utdanningsprogram
SAS4055;Samisk som andrespråk, samisk 4, lulesamisk, Vg3 studieforberedende utdanningsprogram
SAS4056;Samisk som andrespråk, samisk 4, lulesamisk, Vg3 studieforberedende utdanningsprogram, muntlig
SAS4057;Samisk som andrespråk, samisk 4, lulesamisk, vg1 yrkesfaglige utdanningsprogram
SAS4058;Samisk som andrespråk, samisk 4, lulesamisk, vg2 yrkesfaglige utdanningsprogram
SAS4059;Samisk som andrespråk, samisk 4, lulesamisk, Vg3 påbygging til generell studiekompetanse
SAS4060;Samisk som andrespråk, samisk 4, lulesamisk, Vg3 påbygging til generell studiekompetanse, muntlig
SBF3001;Stillasbyggerfaget - særløp
SBF3103;Stillasbyggerfaget - skriftlig
SBR2004;Skogsdrift og maskinlære
SBR2005;Skogskjøtsel, klima og næring
SBR2006;Tverrfaglig eksamen skogbruk
SEI3004;Seilmakerfaget - særløp
SEI3103;Seilmakerfaget , skriftlig
SER3004;Servitørfaget
SER3103;Servitørfaget, skriftlig
SFS1025;Samisk som førstespråk, samisk 1, nordsamisk, vg1 yrkesfaglige utdanningsprogram
SFS1026;Samisk som førstespråk, samisk 1, nordsamisk, vg2 yrkesfaglige utdanningsprogram
SFS1027;Samisk som førstespråk, samisk 1, nordsamisk, vg2 yrkesfaglige utdanningsprogram, muntlig
SFS1028;Samisk som førstespråk, samisk 1, nordsamisk, vg1 studieforberedende utdanningsprogram, skriftlig
SFS1029;Samisk som førstespråk, samisk 1, nordsamisk, vg1 studieforberedende utdanningsprogram, muntlig
SFS1030;Samisk som førstespråk, samisk 1, nordsamisk, vg2 studieforberedende utdanningsprogram, skriftlig
SFS1031;Samisk som førstespråk, samisk 1, nordsamisk, vg2 studieforberedende utdanningsprogram, muntlig
SFS1032;Samisk som førstespråk, samisk 1, nordsamisk, Vg3 studieforberedende utdanningsprogram, skriftlig
SFS1033;Samisk som førstespråk, samisk 1, nordsamisk, Vg3 studieforberedende utdanningsprogram, muntlig
SFS1034;Samisk som førstespråk, samisk 1, sørsamisk, vg1 yrkesfaglige utdanningsprogram
SFS1035;Samisk som førstespråk, samisk 1, sørsamisk, vg2 yrkesfaglige utdanningsprogram
SFS1036;Samisk som førstespråk, samisk 1, sørsamisk, vg2 yrkesfaglige utdanningsprogram, muntlig
SFS1037;Samisk som førstespråk, samisk 1, sørsamisk, vg1 studieforberedende utdanningsprogram, skriftlig
SFS1038;Samisk som førstespråk, samisk 1, sørsamisk, vg1 studieforberedende utdanningsprogram, muntlig
SFS1039;Samisk som førstespråk, samisk 1, sørsamisk, vg2 studieforberedende utdanningsprogram, skriftlig
SFS1040;Samisk som førstespråk, samisk 1, sørsamisk, vg2 studieforberedende utdanningsprogram, muntlig
SFS1041;Samisk som førstespråk, samisk 1, sørsamisk, Vg3 studieforberedende utdanningsprogram, skriftlig
SFS1042;Samisk som førstespråk, samisk 1, sørsamisk, Vg3 studieforberedende utdanningsprogram, muntlig
SFS1043;Samisk som førstespråk, samisk 1, lulesamisk, vg1 yrkesfaglige utdanningsprogram
SFS1044;Samisk som førstespråk, samisk 1, lulesamisk, vg2 yrkesfaglige utdanningsprogram
SFS1045;Samisk som førstespråk, samisk 1, lulesamisk, vg2 yrkesfaglige utdanningsprogram, muntlig
SFS1046;Samisk som førstespråk, samisk 1, lulesamisk, vg1 studieforberedende utdanningsprogram, skriftlig
SFS1047;Samisk som førstespråk, samisk 1, lulesamisk, vg1 studieforberedende utdanningsprogram, muntlig
SFS1048;Samisk som førstespråk, samisk 1, lulesamisk, vg2 studieforberedende utdanningsprogram, skriftlig
SFS1049;Samisk som førstespråk, samisk 1, lulesamisk, vg2 studieforberedende utdanningsprogram, muntlig
SFS1050;Samisk som førstespråk, samisk 1, lulesamisk, Vg3 studieforberedende utdanningsprogram, skriftlig
SFS1051;Samisk som førstespråk, samisk 1, lulesamisk, Vg3 studieforberedende utdanningsprogram, muntlig
SFS1052;Samisk som førstespråk, samisk 1, nordsamisk, Vg3 påbygging til generell studiekompetanse, skriftlig
SFS1053;Samisk som førstespråk, samisk 1, nordsamisk, Vg3 påbygging til generell studiekompetanse, muntlig
SFS1054;Samisk som førstespråk, samisk 1, sørsamisk, Vg3 påbygging til generell studiekompetanse, skriftlig
SFS1055;Samisk som førstespråk, samisk 1, sørsamisk, Vg3 påbygging til generell studiekompetanse, muntlig
SFS1056;Samisk som førstespråk, samisk 1, lulesamisk, Vg3 påbygging til generell studiekompetanse, skriftlig
SFS1059;Samisk som førstespråk, samisk 1, lulesamisk, Vg3 påbygging til generell studiekompetanse, muntlig
SGR3004;Serigrafifaget
SGR3103;Serigrafifaget, skriftlig
SIG3004;Signalmontørfaget
SIG3103;Signalmontørfaget, skriftlig
SIK3004;Sikkerhetsfaget
SIK3103;Sikkerhetsfaget, skriftlig
SKF3004;Skogfaget
SKF3103;Skogfaget, skriftlig
SKO3004;Skomakerfaget
SKO3103;Skomakerfaget, skriftlig
SLF3004;Slakterfaget
SLF3103;Slakterfaget, skriftlig
SLG3004;Salgsfaget
SLG3103;Salgsfaget, skriftlig
SLV3004;Sølvsmedfaget
SLV3103;Sølvsmedfaget, skriftlig
SME2004;Smedhåndverk
SME2005;Design og produktutvikling
SME2006;Tverrfaglig eksamen i smed
SME3004;Smedfaget
SME3103;Smedfaget, skriftlig
SMK3001;Skipsmotormekanikerfaget
SMK3103;Skipsmotormekanikerfaget, skriftlig
SMP3004;Sjømatproduksjon
SMP3103;Sjømatproduksjon, skriftlig
SNE3001;Snekkerfaget, fordypningsområde innredning
SNE3004;Snekkerfaget, fordypningsområde dør og vindu
SNE3005;Snekkerfaget, fordypningsområde trapp
SNE3103;Snekkerfaget, fordypningsområde innredning, skriftlig
SNE3104;Snekkerfaget, fordypningsområde dør og vindu, skriftlig
SNE3105;Snekkerfaget, fordypningsområde trapp, skriftlig
SOA3001;Service- og administrasjonsfaget
SOA3103;Service- og administrasjonsfaget, skriftlig
SPD3004;Skinn- og pelsduodjifaget
SPD3103;Skinn- og pelsduodjifaget, skriftlig
SPR3022;Antikkens kultur
SPR3023;Gresk 1
SPR3024;Gresk 2
SPR3025;Gresk 2, muntlig
SPR3026;Latin 1
SPR3027;Latin 2
SPR3028;Latin 2, muntlig
SPR3029;Engelsk 1
SPR3030;Engelsk 1, muntlig
SPR3031;Engelsk 2
SPR3032;Engelsk 2, muntlig
SPR3033;Kommunikasjon og kultur 1
SPR3034;Kommunikasjon og kultur 2
SPR3035;Kommunikasjon og kultur 2, muntlig
SPR3036;Kommunikasjon og kultur 3
SPR3037;Kommunikasjon og kultur 3. muntlig-praktisk
SPR3038;Reiseliv og språk 1
SPR3039;Reiseliv og språk 2
SPR3040;Reiseliv og språk 2, muntlig
SRL2001;Forretningsdrift
SRL2002;Innovasjon og markedsføring
SRL2003;Kultur og kommunikasjon
SRL2004;Tverrfaglig eksamen salg og reiseliv
SSH2001;Sikkerhet
SSH2002;Administrasjon og bærekraftig drift
SSH2003;Kommunikasjon og yrkesutøvelse
SSH2004;Tverrfaglig eksamen service, sikkerhet og administrasjon
SSR1001;Forretningsdrift
SSR1002;Markedsføring og innovasjon
SSR1003;Kultur og samhandling
SSR1004;Tverrfaglig eksamen, salg, service og reiseliv, privatister
STE3004;Steinfaget - særløp
STE3103;Steinfaget , skriftlig
STH2001;Design og produktutvikling
STH2002;Produksjon og materialer
STH2003;Tverrfaglig eksamen søm og tekstilhåndverk
STR3004;Strikkefaget
STR3103;Strikkefaget, skriftlig
SVE3004;Sveisefaget
SVE3103;Sveisefaget, skriftlig
SYM3001;Sykkelmekanikerfaget
SYM3103;Sykkelmekanikerfaget, skriftlig
TAK3004;Tak- og membrantekkerfaget
TAK3103;Tak- og membrantekkerfaget, skriftlig
TAN3005;Smittevern, tannanatomi og fysiologi
TAN3006;Kommunikasjon og samhandling
TAN3007;Yrkesliv i tannhelsesekretærfaget
TAN3008;Tverrfaglig eksamen, tannhelsesekretær
TAV3004;Tavlemontørfaget
TAV3103;Tavlemontørfaget
TDR3004;Tredreierfaget
TDR3103;Tredreierfaget, skriftlig
TED3004;Tekstilduodjifaget
TED3103;Tekstilduodjifaget, skriftlig
TEL3004;Telekommunikasjonsmontørfaget
TEL3103;Telekommunikasjonsmontørfaget, skriftlig
TIP1006;Produksjon og tjenester
TIP1007;Konstruksjons- og styringsteknikk
TIP1008;Produktivitet og kvalitetsstyring
TIP1009;Tverrfaglig eksamen, teknologi- og industrifag, privatister
TKS3004;Taksidermistfaget - særløp
TKS3103;Taksidermistfaget , skriftlig
TLM3001;Truck- og liftmekanikerfaget
TLM3103;Truck- og liftmekanikerfaget, skriftlig
TLT3001;Trelast og limtreproduksjonsfaget, fordypningsområde høvellastproduksjon
TLT3004;Trelast og limtreproduksjonsfaget, fordypningsområde skurlastproduksjon
TLT3005;Trelast og limtreproduksjon, fordypningsområde konstruksjonslimtre
TLT3006;Trelast og limtreproduksjonsfaget, fordypningsområde limtreplater og komponenter
TLT3103;Trelast og limtreproduksjonsfaget, fordypningsområde høvellastproduksjon, skriftlig
TLT3104;Trelast og limtreproduksjonsfaget, fordypningsområde skurlastproduksjon, skriftlig
TLT3105;Trelast og limtreproduksjonsfaget, fordypningsområde konstruksjonlimtre, skriftlig
TLT3106;Trelast og limtreproduksjonsfaget, fordypningsområde limtreplater og komponenter, skriftlig
TMF2001;Konstruksjoner og klimaskall
TMF2002;Vinduer, dører og innvendig arbeid
TMF2003;Materialegenskaper, varmeisolering og tetting
TMF2004;Tverrfaglig eksamen tømrer
TMF3004;Tømrerfaget
TMF3103;Tømrerfaget, skriftlig
TOG3004;Togelektrikerfaget
TOG3103;Togelektrikerfaget
TOL2001;Bransjeteknikk
TOL2002;Transport, logistikk og løfteoperasjoner
TOL2003;Bransjelære
TOL2004;Tverrfaglig eksamen transport og logistikk
TRB3004;Trebåtbyggerfaget
TRB3103;Trebåtbyggerfaget , skriftlig
TRD3004;Treduodjifaget
TRD3103;Treduodjifaget, skriftlig
TRT2004;Tegning og materialvalg
TRT2005;Produksjon
TRT2006;Tverrfaglig eksamen treteknikk
TSK3004;Treskjærerfaget
TSK3103;Treskjærerfaget, skriftlig
TSR3001;Tekstilrensfaget
TSR3103;Tekstilrensfaget, skriftlig
UIM2004;Produksjon og vedlikehold
UIM2005;Produktutvikling
UIM2006;Tverrfaglig eksamen ur- og instrumentmaker
URM3004;Urmakerfaget
URM3103;Urmakerfaget, skriftlig
VAF3001;Vaskerifaget
VAF3103;Vaskerifaget , skriftlig
VBL3004;Ventilasjons- og blikkenslagerfaget
VBL3103;Ventilasjons- og blikkenslagerfaget, skriftlig
VEN3001;Ventilasjonsteknikkfaget
VEN3103;Ventilasjonsteknikkfaget, skriftlig
VER3004;Verktøymakerfaget
VER3103;Verktøymakerfaget, skriftlig
VHD3004;Ull- og garnduodjifaget
VHD3103;Ull- og garnduodjifaget, skriftlig
VIK3004;Viklerfaget
VIK3103;Viklerfaget
VOA3004;Vei- og anleggsfaget
VOA3103;Vei- og anleggsfaget, skriftlig
VOV3001;Veidrift- og veivedlikeholdsfaget
VOV3103;Veidrift- og veivedlikeholdsfaget, skriftlig
YRK3004;Yrkessjåførfaget
YRK3103;Yrkessjåførfaget, skriftlig